city,city_code,state,state_code,region,region_code,flag_geographyAnchorage,anchorage,Alaska,1,"Anchorage, AK",743,1Anderson,anderson,Alaska,1,"Fairbanks, AK",745,1Angoon,angoon,Alaska,1,"Juneau, AK",747,1Atqasuk,atqasuk,Alaska,1,"Fairbanks, AK",745,1Barrow,barrow,Alaska,1,"Fairbanks, AK",745,1Bethel,bethel,Alaska,1,"Anchorage, AK",743,1Clear,clear,Alaska,1,"Fairbanks, AK",745,1Cordova,cordova,Alaska,1,"Anchorage, AK",743,1Craig,craig,Alaska,1,"Juneau, AK",747,1Delta Junction,delta junction,Alaska,1,"Fairbanks, AK",745,1Dillingham,dillingham,Alaska,1,"Anchorage, AK",743,1Eagle River,eagle river,Alaska,1,"Anchorage, AK",743,1Eielson Air Force Base,eielson air force base,Alaska,1,"Fairbanks, AK",745,1Elmendorf Air Force Base,elmendorf air force base,Alaska,1,"Anchorage, AK",743,1Fairbanks,fairbanks,Alaska,1,"Fairbanks, AK",745,1Galena,galena,Alaska,1,"Fairbanks, AK",745,1Glennallen,glennallen,Alaska,1,"Anchorage, AK",743,1Gustavus,gustavus,Alaska,1,"Juneau, AK",747,1Haines,haines,Alaska,1,"Juneau, AK",747,1Healy,healy,Alaska,1,"Fairbanks, AK",745,1Homer,homer,Alaska,1,"Anchorage, AK",743,1Hoonah,hoonah,Alaska,1,"Juneau, AK",747,1Juneau,juneau,Alaska,1,"Juneau, AK",747,1Kenai,kenai,Alaska,1,"Anchorage, AK",743,1Ketchikan,ketchikan,Alaska,1,"Juneau, AK",747,1Klawock,klawock,Alaska,1,"Juneau, AK",747,1Kodiak,kodiak,Alaska,1,"Anchorage, AK",743,1Kotzebue,kotzebue,Alaska,1,"Fairbanks, AK",745,1McGrath,mcgrath,Alaska,1,"Fairbanks, AK",745,1Metlakatla,metlakatla,Alaska,1,"Juneau, AK",747,1Mountain Village,mountain village,Alaska,1,"Anchorage, AK",743,1Nikiski,nikiski,Alaska,1,"Anchorage, AK",743,1Nome,nome,Alaska,1,"Fairbanks, AK",745,1North Pole,north pole,Alaska,1,"Fairbanks, AK",745,1Palmer,palmer,Alaska,1,"Anchorage, AK",743,1Pelican,pelican,Alaska,1,"Juneau, AK",747,1Petersburg,petersburg,Alaska,1,"Juneau, AK",747,1Port Lions,port lions,Alaska,1,"Anchorage, AK",743,1Seward,seward,Alaska,1,"Anchorage, AK",743,1Sitka,sitka,Alaska,1,"Juneau, AK",747,1Skagway,skagway,Alaska,1,"Juneau, AK",747,1Soldotna,soldotna,Alaska,1,"Anchorage, AK",743,1Tanacross,tanacross,Alaska,1,"Fairbanks, AK",745,1Thorne Bay,thorne bay,Alaska,1,"Juneau, AK",747,1Tok,tok,Alaska,1,"Fairbanks, AK",745,1Tununak,tununak,Alaska,1,"Anchorage, AK",743,0Unalaska,unalaska,Alaska,1,"Anchorage, AK",743,0Valdez,valdez,Alaska,1,"Anchorage, AK",743,0Wasilla,wasilla,Alaska,1,"Anchorage, AK",743,0Whittier,whittier,Alaska,1,"Anchorage, AK",743,0Wrangell,wrangell,Alaska,1,"Juneau, AK",747,0Yakutat,yakutat,Alaska,1,"Juneau, AK",747,0College,college,Alaska,1,"Fairbanks, AK",745,0Knik-Fairview,knik-fairview,Alaska,1,"Anchorage, AK",743,0Kongiganak,kongiganak,Alaska,1,"Anchorage, AK",743,0Point MacKenzie,point mackenzie,Alaska,1,"Anchorage, AK",743,0Abbeville,abbeville,Alabama,2,"Dothan, AL",606,0Adamsville,adamsville,Alabama,2,"Birmingham, AL",630,0Addison,addison,Alabama,2,"Birmingham, AL",630,0Adger,adger,Alabama,2,"Birmingham, AL",630,0Alabaster,alabaster,Alabama,2,"Birmingham, AL",630,0Albertville,albertville,Alabama,2,"Huntsville-Decatur (Florence), AL",691,0Alexander City,alexander city,Alabama,2,"Montgomery (Selma), AL",698,0Alexandria,alexandria,Alabama,2,"Birmingham, AL",630,0Allgood,allgood,Alabama,2,"Birmingham, AL",630,0Alpine,alpine,Alabama,2,"Birmingham, AL",630,0Andalusia,andalusia,Alabama,2,"Montgomery (Selma), AL",698,0Anniston,anniston,Alabama,2,"Birmingham, AL",630,0Arab,arab,Alabama,2,"Huntsville-Decatur (Florence), AL",691,0Arlington,arlington,Alabama,2,"Montgomery (Selma), AL",698,0Ashford,ashford,Alabama,2,"Dothan, AL",606,0Ashland,ashland,Alabama,2,"Birmingham, AL",630,0Ashville,ashville,Alabama,2,"Birmingham, AL",630,0Athens,athens,Alabama,2,"Huntsville-Decatur (Florence), AL",691,0Atmore,atmore,Alabama,2,"Mobile, AL-Pensacola (Ft. Walton Beach), FL",686,0Attalla,attalla,Alabama,2,"Birmingham, AL",630,0Auburn,auburn,Alabama,2,"Columbus, GA",522,0Autaugaville,autaugaville,Alabama,2,"Montgomery (Selma), AL",698,0Axis,axis,Alabama,2,"Mobile, AL-Pensacola (Ft. Walton Beach), FL",686,0Bay Minette,bay minette,Alabama,2,"Mobile, AL-Pensacola (Ft. Walton Beach), FL",686,0Berry,berry,Alabama,2,"Birmingham, AL",630,0Bessemer,bessemer,Alabama,2,"Birmingham, AL",630,0Birmingham,birmingham,Alabama,2,"Birmingham, AL",630,0Blountsville,blountsville,Alabama,2,"Birmingham, AL",630,0Boaz,boaz,Alabama,2,"Huntsville-Decatur (Florence), AL",691,0Bremen,bremen,Alabama,2,"Birmingham, AL",630,0Brewton,brewton,Alabama,2,"Mobile, AL-Pensacola (Ft. Walton Beach), FL",686,0Brookwood,brookwood,Alabama,2,"Birmingham, AL",630,0Brownsboro,brownsboro,Alabama,2,"Huntsville-Decatur (Florence), AL",691,0Bucks,bucks,Alabama,2,"Mobile, AL-Pensacola (Ft. Walton Beach), FL",686,0Buhl,buhl,Alabama,2,"Birmingham, AL",630,0Butler,butler,Alabama,2,"Meridian, MS",711,0Calera,calera,Alabama,2,"Birmingham, AL",630,0Camden,camden,Alabama,2,"Montgomery (Selma), AL",698,0Carrollton,carrollton,Alabama,2,"Birmingham, AL",630,0Centre,centre,Alabama,2,"Birmingham, AL",630,0Centreville,centreville,Alabama,2,"Birmingham, AL",630,0Chapman,chapman,Alabama,2,"Montgomery (Selma), AL",698,0Chelsea,chelsea,Alabama,2,"Birmingham, AL",630,0Cherokee,cherokee,Alabama,2,"Huntsville-Decatur (Florence), AL",691,0Childersburg,childersburg,Alabama,2,"Birmingham, AL",630,0Clanton,clanton,Alabama,2,"Birmingham, AL",630,0Clayton,clayton,Alabama,2,"Columbus, GA",522,0Clio,clio,Alabama,2,"Columbus, GA",522,0Coffeeville,coffeeville,Alabama,2,"Mobile, AL-Pensacola (Ft. Walton Beach), FL",686,0Columbia,columbia,Alabama,2,"Dothan, AL",606,0Columbiana,columbiana,Alabama,2,"Birmingham, AL",630,0Cottondale,cottondale,Alabama,2,"Birmingham, AL",630,0Cottonwood,cottonwood,Alabama,2,"Dothan, AL",606,0Cowarts,cowarts,Alabama,2,"Dothan, AL",606,0Creola,creola,Alabama,2,"Mobile, AL-Pensacola (Ft. Walton Beach), FL",686,0Crossville,crossville,Alabama,2,"Huntsville-Decatur (Florence), AL",691,0Cullman,cullman,Alabama,2,"Birmingham, AL",630,0Daleville,daleville,Alabama,2,"Dothan, AL",606,0Daphne,daphne,Alabama,2,"Mobile, AL-Pensacola (Ft. Walton Beach), FL",686,0Dauphin Island,dauphin island,Alabama,2,"Mobile, AL-Pensacola (Ft. Walton Beach), FL",686,0Deatsville,deatsville,Alabama,2,"Montgomery (Selma), AL",698,0Decatur,decatur,Alabama,2,"Huntsville-Decatur (Florence), AL",691,0Demopolis,demopolis,Alabama,2,"Montgomery (Selma), AL",698,0Dixons Mills,dixons mills,Alabama,2,"Montgomery (Selma), AL",698,0Dothan,dothan,Alabama,2,"Dothan, AL",606,0Eastaboga,eastaboga,Alabama,2,"Birmingham, AL",630,0Eclectic,eclectic,Alabama,2,"Montgomery (Selma), AL",698,0Eight Mile,eight mile,Alabama,2,"Mobile, AL-Pensacola (Ft. Walton Beach), FL",686,0Elba,elba,Alabama,2,"Dothan, AL",606,0Elberta,elberta,Alabama,2,"Mobile, AL-Pensacola (Ft. Walton Beach), FL",686,0Enterprise,enterprise,Alabama,2,"Dothan, AL",606,0Eufaula,eufaula,Alabama,2,"Columbus, GA",522,0Eutaw,eutaw,Alabama,2,"Birmingham, AL",630,0Evergreen,evergreen,Alabama,2,"Mobile, AL-Pensacola (Ft. Walton Beach), FL",686,0Excel,excel,Alabama,2,"Mobile, AL-Pensacola (Ft. Walton Beach), FL",686,0Fairfield,fairfield,Alabama,2,"Birmingham, AL",630,0Fairhope,fairhope,Alabama,2,"Mobile, AL-Pensacola (Ft. Walton Beach), FL",686,0Fayette,fayette,Alabama,2,"Birmingham, AL",630,0Florence,florence,Alabama,2,"Huntsville-Decatur (Florence), AL",691,0Foley,foley,Alabama,2,"Mobile, AL-Pensacola (Ft. Walton Beach), FL",686,0Fruitdale,fruitdale,Alabama,2,"Mobile, AL-Pensacola (Ft. Walton Beach), FL",686,0Fort Deposit,fort deposit,Alabama,2,"Montgomery (Selma), AL",698,0Fort Payne,fort payne,Alabama,2,"Huntsville-Decatur (Florence), AL",691,0Fort Rucker,fort rucker,Alabama,2,"Dothan, AL",606,0Fulton,fulton,Alabama,2,"Mobile, AL-Pensacola (Ft. Walton Beach), FL",686,0Fultondale,fultondale,Alabama,2,"Birmingham, AL",630,0Gadsden,gadsden,Alabama,2,"Birmingham, AL",630,0Gardendale,gardendale,Alabama,2,"Birmingham, AL",630,0Geneva,geneva,Alabama,2,"Dothan, AL",606,0Glenwood,glenwood,Alabama,2,"Montgomery (Selma), AL",698,0Goodwater,goodwater,Alabama,2,"Birmingham, AL",630,0Gordo,gordo,Alabama,2,"Birmingham, AL",630,0Grand Bay,grand bay,Alabama,2,"Mobile, AL-Pensacola (Ft. Walton Beach), FL",686,0Graysville,graysville,Alabama,2,"Birmingham, AL",630,0Greensboro,greensboro,Alabama,2,"Birmingham, AL",630,0Greenville,greenville,Alabama,2,"Montgomery (Selma), AL",698,0Grove Hill,grove hill,Alabama,2,"Mobile, AL-Pensacola (Ft. Walton Beach), FL",686,0Guin,guin,Alabama,2,"Birmingham, AL",630,0Gulf Shores,gulf shores,Alabama,2,"Mobile, AL-Pensacola (Ft. Walton Beach), FL",686,0Guntersville,guntersville,Alabama,2,"Huntsville-Decatur (Florence), AL",691,0Haleyville,haleyville,Alabama,2,"Birmingham, AL",630,0Hamilton,hamilton,Alabama,2,"Birmingham, AL",630,0Hanceville,hanceville,Alabama,2,"Birmingham, AL",630,0Hartselle,hartselle,Alabama,2,"Huntsville-Decatur (Florence), AL",691,0Hatchechubbee,hatchechubbee,Alabama,2,"Columbus, GA",522,0Hayden,hayden,Alabama,2,"Birmingham, AL",630,0Hayneville,hayneville,Alabama,2,"Montgomery (Selma), AL",698,0Hazel Green,hazel green,Alabama,2,"Huntsville-Decatur (Florence), AL",691,0Headland,headland,Alabama,2,"Dothan, AL",606,0Heflin,heflin,Alabama,2,"Atlanta, GA",524,0Helena,helena,Alabama,2,"Birmingham, AL",630,0Hodges,hodges,Alabama,2,"Huntsville-Decatur (Florence), AL",691,0Hope Hull,hope hull,Alabama,2,"Montgomery (Selma), AL",698,0Huntsville,huntsville,Alabama,2,"Huntsville-Decatur (Florence), AL",691,0Huxford,huxford,Alabama,2,"Mobile, AL-Pensacola (Ft. Walton Beach), FL",686,0Ider,ider,Alabama,2,"Huntsville-Decatur (Florence), AL",691,0Jack,jack,Alabama,2,"Dothan, AL",606,0Jackson,jackson,Alabama,2,"Mobile, AL-Pensacola (Ft. Walton Beach), FL",686,0Jacksonville,jacksonville,Alabama,2,"Birmingham, AL",630,0Jasper,jasper,Alabama,2,"Birmingham, AL",630,0Jefferson,jefferson,Alabama,2,"Montgomery (Selma), AL",698,0Kellyton,kellyton,Alabama,2,"Birmingham, AL",630,0Killen,killen,Alabama,2,"Huntsville-Decatur (Florence), AL",691,0Laceys Spring,laceys spring,Alabama,2,"Huntsville-Decatur (Florence), AL",691,0La Fayette,la fayette,Alabama,2,"Columbus, GA",522,0Lanett,lanett,Alabama,2,"Columbus, GA",522,0Leeds,leeds,Alabama,2,"Birmingham, AL",630,0Leesburg,leesburg,Alabama,2,"Birmingham, AL",630,0Lillian,lillian,Alabama,2,"Mobile, AL-Pensacola (Ft. Walton Beach), FL",686,0Lincoln,lincoln,Alabama,2,"Birmingham, AL",630,0Linden,linden,Alabama,2,"Montgomery (Selma), AL",698,0Lineville,lineville,Alabama,2,"Birmingham, AL",630,0Livingston,livingston,Alabama,2,"Meridian, MS",711,0Loachapoka,loachapoka,Alabama,2,"Columbus, GA",522,0Locust Fork,locust fork,Alabama,2,"Birmingham, AL",630,0Loxley,loxley,Alabama,2,"Mobile, AL-Pensacola (Ft. Walton Beach), FL",686,0Luverne,luverne,Alabama,2,"Montgomery (Selma), AL",698,0Madison,madison,Alabama,2,"Huntsville-Decatur (Florence), AL",691,0Marion,marion,Alabama,2,"Montgomery (Selma), AL",698,0Mathews,mathews,Alabama,2,"Montgomery (Selma), AL",698,0Millport,millport,Alabama,2,"Columbus-Tupelo-West Point, MS",673,0Millry,millry,Alabama,2,"Mobile, AL-Pensacola (Ft. Walton Beach), FL",686,0Mobile,mobile,Alabama,2,"Mobile, AL-Pensacola (Ft. Walton Beach), FL",686,0Monroeville,monroeville,Alabama,2,"Mobile, AL-Pensacola (Ft. Walton Beach), FL",686,0Montevallo,montevallo,Alabama,2,"Birmingham, AL",630,0Montgomery,montgomery,Alabama,2,"Montgomery (Selma), AL",698,0Montrose,montrose,Alabama,2,"Mobile, AL-Pensacola (Ft. Walton Beach), FL",686,0Morris,morris,Alabama,2,"Birmingham, AL",630,0Moulton,moulton,Alabama,2,"Huntsville-Decatur (Florence), AL",691,0Munford,munford,Alabama,2,"Birmingham, AL",630,0Muscle Shoals,muscle shoals,Alabama,2,"Huntsville-Decatur (Florence), AL",691,0New Brockton,new brockton,Alabama,2,"Dothan, AL",606,0New Market,new market,Alabama,2,"Huntsville-Decatur (Florence), AL",691,0Newton,newton,Alabama,2,"Dothan, AL",606,0Newville,newville,Alabama,2,"Dothan, AL",606,0Normal,normal,Alabama,2,"Huntsville-Decatur (Florence), AL",691,0Northport,northport,Alabama,2,"Birmingham, AL",630,0Notasulga,notasulga,Alabama,2,"Montgomery (Selma), AL",698,0Oakman,oakman,Alabama,2,"Birmingham, AL",630,0Oneonta,oneonta,Alabama,2,"Birmingham, AL",630,0Opelika,opelika,Alabama,2,"Columbus, GA",522,0Opp,opp,Alabama,2,"Montgomery (Selma), AL",698,0Orange Beach,orange beach,Alabama,2,"Mobile, AL-Pensacola (Ft. Walton Beach), FL",686,0Oxford,oxford,Alabama,2,"Birmingham, AL",630,0Ozark,ozark,Alabama,2,"Dothan, AL",606,0Paint Rock,paint rock,Alabama,2,"Huntsville-Decatur (Florence), AL",691,0Pelham,pelham,Alabama,2,"Birmingham, AL",630,0Pell City,pell city,Alabama,2,"Birmingham, AL",630,0Pennington,pennington,Alabama,2,"Meridian, MS",711,0Perdue Hill,perdue hill,Alabama,2,"Mobile, AL-Pensacola (Ft. Walton Beach), FL",686,0Phenix City,phenix city,Alabama,2,"Columbus, GA",522,0Piedmont,piedmont,Alabama,2,"Birmingham, AL",630,0Pike Road,pike road,Alabama,2,"Montgomery (Selma), AL",698,0Pine Hill,pine hill,Alabama,2,"Montgomery (Selma), AL",698,0Pinson,pinson,Alabama,2,"Birmingham, AL",630,0Pleasant Grove,pleasant grove,Alabama,2,"Birmingham, AL",630,0Prattville,prattville,Alabama,2,"Montgomery (Selma), AL",698,0Quinton,quinton,Alabama,2,"Birmingham, AL",630,0Ragland,ragland,Alabama,2,"Birmingham, AL",630,0Rainbow City,rainbow city,Alabama,2,"Birmingham, AL",630,0Rainsville,rainsville,Alabama,2,"Huntsville-Decatur (Florence), AL",691,0Ramer,ramer,Alabama,2,"Montgomery (Selma), AL",698,0Red Bay,red bay,Alabama,2,"Huntsville-Decatur (Florence), AL",691,0Reform,reform,Alabama,2,"Birmingham, AL",630,0Roanoke,roanoke,Alabama,2,"Atlanta, GA",524,0Robertsdale,robertsdale,Alabama,2,"Mobile, AL-Pensacola (Ft. Walton Beach), FL",686,0Russellville,russellville,Alabama,2,"Huntsville-Decatur (Florence), AL",691,0Rutledge,rutledge,Alabama,2,"Montgomery (Selma), AL",698,0Saginaw,saginaw,Alabama,2,"Birmingham, AL",630,0Saraland,saraland,Alabama,2,"Mobile, AL-Pensacola (Ft. Walton Beach), FL",686,0Scottsboro,scottsboro,Alabama,2,"Huntsville-Decatur (Florence), AL",691,0Selma,selma,Alabama,2,"Montgomery (Selma), AL",698,0Semmes,semmes,Alabama,2,"Mobile, AL-Pensacola (Ft. Walton Beach), FL",686,0Shannon,shannon,Alabama,2,"Birmingham, AL",630,0Sheffield,sheffield,Alabama,2,"Huntsville-Decatur (Florence), AL",691,0Shelby,shelby,Alabama,2,"Birmingham, AL",630,0Spanish Fort,spanish fort,Alabama,2,"Mobile, AL-Pensacola (Ft. Walton Beach), FL",686,0Springville,springville,Alabama,2,"Birmingham, AL",630,0Sulligent,sulligent,Alabama,2,"Columbus-Tupelo-West Point, MS",673,0Sumiton,sumiton,Alabama,2,"Birmingham, AL",630,0Summerdale,summerdale,Alabama,2,"Mobile, AL-Pensacola (Ft. Walton Beach), FL",686,0Sycamore,sycamore,Alabama,2,"Birmingham, AL",630,0Sylacauga,sylacauga,Alabama,2,"Birmingham, AL",630,0Talladega,talladega,Alabama,2,"Birmingham, AL",630,0Tallassee,tallassee,Alabama,2,"Montgomery (Selma), AL",698,0Theodore,theodore,Alabama,2,"Mobile, AL-Pensacola (Ft. Walton Beach), FL",686,0Thomasville,thomasville,Alabama,2,"Mobile, AL-Pensacola (Ft. Walton Beach), FL",686,0Toney,toney,Alabama,2,"Huntsville-Decatur (Florence), AL",691,0Troy,troy,Alabama,2,"Montgomery (Selma), AL",698,0Trussville,trussville,Alabama,2,"Birmingham, AL",630,0Tuscaloosa,tuscaloosa,Alabama,2,"Birmingham, AL",630,0Tuscumbia,tuscumbia,Alabama,2,"Huntsville-Decatur (Florence), AL",691,0Tuskegee,tuskegee,Alabama,2,"Montgomery (Selma), AL",698,0Union Springs,union springs,Alabama,2,"Montgomery (Selma), AL",698,0Valley,valley,Alabama,2,"Columbus, GA",522,0Vernon,vernon,Alabama,2,"Columbus-Tupelo-West Point, MS",673,0Vinemont,vinemont,Alabama,2,"Birmingham, AL",630,0Wadley,wadley,Alabama,2,"Atlanta, GA",524,0Walnut Grove,walnut grove,Alabama,2,"Birmingham, AL",630,0Warrior,warrior,Alabama,2,"Birmingham, AL",630,0Webb,webb,Alabama,2,"Dothan, AL",606,0Wedowee,wedowee,Alabama,2,"Atlanta, GA",524,0Wetumpka,wetumpka,Alabama,2,"Montgomery (Selma), AL",698,0Winfield,winfield,Alabama,2,"Birmingham, AL",630,0York,york,Alabama,2,"Meridian, MS",711,0Ardmore,ardmore,Alabama,2,"Huntsville-Decatur (Florence), AL",691,0Blue Ridge,blue ridge,Alabama,2,"Montgomery (Selma), AL",698,0Chatom,chatom,Alabama,2,"Mobile, AL-Pensacola (Ft. Walton Beach), FL",686,0Dadeville,dadeville,Alabama,2,"Montgomery (Selma), AL",698,0Florala,florala,Alabama,2,"Montgomery (Selma), AL",698,0Forestdale,forestdale,Alabama,2,"Birmingham, AL",630,0Grant,grant,Alabama,2,"Huntsville-Decatur (Florence), AL",691,0Harvest,harvest,Alabama,2,"Huntsville-Decatur (Florence), AL",691,0Henagar,henagar,Alabama,2,"Huntsville-Decatur (Florence), AL",691,0Homewood,homewood,Alabama,2,"Birmingham, AL",630,0Hoover,hoover,Alabama,2,"Birmingham, AL",630,0Hueytown,hueytown,Alabama,2,"Birmingham, AL",630,0Irondale,irondale,Alabama,2,"Birmingham, AL",630,0Millbrook,millbrook,Alabama,2,"Montgomery (Selma), AL",698,0Moody,moody,Alabama,2,"Birmingham, AL",630,0Mountain Brook,mountain brook,Alabama,2,"Birmingham, AL",630,0New Hope,new hope,Alabama,2,"Huntsville-Decatur (Florence), AL",691,0Redstone Arsenal,redstone arsenal,Alabama,2,"Huntsville-Decatur (Florence), AL",691,0Smiths Station,smiths station,Alabama,2,"Columbus, GA",522,0Tarrant,tarrant,Alabama,2,"Birmingham, AL",630,0Tillmans Corner,tillmans corner,Alabama,2,"Mobile, AL-Pensacola (Ft. Walton Beach), FL",686,0Vestavia Hills,vestavia hills,Alabama,2,"Birmingham, AL",630,0Adona,adona,Arkansas,3,"Little Rock-Pine Bluff, AR",693,0Alexander,alexander,Arkansas,3,"Little Rock-Pine Bluff, AR",693,0Alma,alma,Arkansas,3,"Ft. Smith-Fayetteville-Springdale-Rogers, AR",670,0Altheimer,altheimer,Arkansas,3,"Little Rock-Pine Bluff, AR",693,0Amity,amity,Arkansas,3,"Little Rock-Pine Bluff, AR",693,0Arkadelphia,arkadelphia,Arkansas,3,"Little Rock-Pine Bluff, AR",693,0Armorel,armorel,Arkansas,3,"Memphis, TN",640,0Ash Flat,ash flat,Arkansas,3,"Jonesboro, AR",734,0Ashdown,ashdown,Arkansas,3,"Shreveport, LA",612,0Augusta,augusta,Arkansas,3,"Little Rock-Pine Bluff, AR",693,0Bald Knob,bald knob,Arkansas,3,"Little Rock-Pine Bluff, AR",693,0Barling,barling,Arkansas,3,"Ft. Smith-Fayetteville-Springdale-Rogers, AR",670,0Batesville,batesville,Arkansas,3,"Little Rock-Pine Bluff, AR",693,0Bauxite,bauxite,Arkansas,3,"Little Rock-Pine Bluff, AR",693,0Bay,bay,Arkansas,3,"Jonesboro, AR",734,0Beebe,beebe,Arkansas,3,"Little Rock-Pine Bluff, AR",693,0Bella Vista,bella vista,Arkansas,3,"Ft. Smith-Fayetteville-Springdale-Rogers, AR",670,0Benton,benton,Arkansas,3,"Little Rock-Pine Bluff, AR",693,0Bentonville,bentonville,Arkansas,3,"Ft. Smith-Fayetteville-Springdale-Rogers, AR",670,0Berryville,berryville,Arkansas,3,"Springfield, MO",619,0Bigelow,bigelow,Arkansas,3,"Little Rock-Pine Bluff, AR",693,0Blytheville,blytheville,Arkansas,3,"Memphis, TN",640,0Booneville,booneville,Arkansas,3,"Ft. Smith-Fayetteville-Springdale-Rogers, AR",670,0Bradford,bradford,Arkansas,3,"Little Rock-Pine Bluff, AR",693,0Branch,branch,Arkansas,3,"Ft. Smith-Fayetteville-Springdale-Rogers, AR",670,0Brinkley,brinkley,Arkansas,3,"Little Rock-Pine Bluff, AR",693,0Brockwell,brockwell,Arkansas,3,"Little Rock-Pine Bluff, AR",693,0Brookland,brookland,Arkansas,3,"Jonesboro, AR",734,0Bryant,bryant,Arkansas,3,"Little Rock-Pine Bluff, AR",693,0Burdette,burdette,Arkansas,3,"Memphis, TN",640,0Cabot,cabot,Arkansas,3,"Little Rock-Pine Bluff, AR",693,0Calico Rock,calico rock,Arkansas,3,"Little Rock-Pine Bluff, AR",693,0Camden,camden,Arkansas,3,"Little Rock-Pine Bluff, AR",693,0Carlisle,carlisle,Arkansas,3,"Little Rock-Pine Bluff, AR",693,0Carthage,carthage,Arkansas,3,"Little Rock-Pine Bluff, AR",693,0Cave City,cave city,Arkansas,3,"Jonesboro, AR",734,0Center Ridge,center ridge,Arkansas,3,"Little Rock-Pine Bluff, AR",693,0Charleston,charleston,Arkansas,3,"Ft. Smith-Fayetteville-Springdale-Rogers, AR",670,0Charlotte,charlotte,Arkansas,3,"Little Rock-Pine Bluff, AR",693,0Cherokee Village,cherokee village,Arkansas,3,"Jonesboro, AR",734,0Clarendon,clarendon,Arkansas,3,"Little Rock-Pine Bluff, AR",693,0Clarksville,clarksville,Arkansas,3,"Ft. Smith-Fayetteville-Springdale-Rogers, AR",670,0Clinton,clinton,Arkansas,3,"Little Rock-Pine Bluff, AR",693,0Compton,compton,Arkansas,3,"Springfield, MO",619,0Conway,conway,Arkansas,3,"Little Rock-Pine Bluff, AR",693,0Corning,corning,Arkansas,3,"Jonesboro, AR",734,0Crossett,crossett,Arkansas,3,"Monroe, LA-El Dorado, AR",628,0Danville,danville,Arkansas,3,"Little Rock-Pine Bluff, AR",693,0Dardanelle,dardanelle,Arkansas,3,"Little Rock-Pine Bluff, AR",693,0De Queen,de queen,Arkansas,3,"Shreveport, LA",612,0DeWitt,dewitt,Arkansas,3,"Little Rock-Pine Bluff, AR",693,0Decatur,decatur,Arkansas,3,"Ft. Smith-Fayetteville-Springdale-Rogers, AR",670,0Dermott,dermott,Arkansas,3,"Little Rock-Pine Bluff, AR",693,0Des Arc,des arc,Arkansas,3,"Little Rock-Pine Bluff, AR",693,0Dumas,dumas,Arkansas,3,"Little Rock-Pine Bluff, AR",693,0Dyess,dyess,Arkansas,3,"Memphis, TN",640,0El Dorado,el dorado,Arkansas,3,"Monroe, LA-El Dorado, AR",628,0Elm Springs,elm springs,Arkansas,3,"Ft. Smith-Fayetteville-Springdale-Rogers, AR",670,0England,england,Arkansas,3,"Little Rock-Pine Bluff, AR",693,0Enola,enola,Arkansas,3,"Little Rock-Pine Bluff, AR",693,0Eureka Springs,eureka springs,Arkansas,3,"Springfield, MO",619,0Fairfield Bay,fairfield bay,Arkansas,3,"Little Rock-Pine Bluff, AR",693,0Farmington,farmington,Arkansas,3,"Ft. Smith-Fayetteville-Springdale-Rogers, AR",670,0Fayetteville,fayetteville,Arkansas,3,"Ft. Smith-Fayetteville-Springdale-Rogers, AR",670,0Flippin,flippin,Arkansas,3,"Springfield, MO",619,0Floral,floral,Arkansas,3,"Little Rock-Pine Bluff, AR",693,0Fordyce,fordyce,Arkansas,3,"Little Rock-Pine Bluff, AR",693,0Forrest City,forrest city,Arkansas,3,"Memphis, TN",640,0Fountain Hill,fountain hill,Arkansas,3,"Monroe, LA-El Dorado, AR",628,0Friendship,friendship,Arkansas,3,"Little Rock-Pine Bluff, AR",693,0Fort Smith,fort smith,Arkansas,3,"Ft. Smith-Fayetteville-Springdale-Rogers, AR",670,0Gassville,gassville,Arkansas,3,"Springfield, MO",619,0Gentry,gentry,Arkansas,3,"Ft. Smith-Fayetteville-Springdale-Rogers, AR",670,0Gillham,gillham,Arkansas,3,"Shreveport, LA",612,0Glenwood,glenwood,Arkansas,3,"Little Rock-Pine Bluff, AR",693,0Gould,gould,Arkansas,3,"Little Rock-Pine Bluff, AR",693,0Grady,grady,Arkansas,3,"Little Rock-Pine Bluff, AR",693,0Gravette,gravette,Arkansas,3,"Ft. Smith-Fayetteville-Springdale-Rogers, AR",670,0Greenbrier,greenbrier,Arkansas,3,"Little Rock-Pine Bluff, AR",693,0Greenwood,greenwood,Arkansas,3,"Ft. Smith-Fayetteville-Springdale-Rogers, AR",670,0Guion,guion,Arkansas,3,"Little Rock-Pine Bluff, AR",693,0Hackett,hackett,Arkansas,3,"Ft. Smith-Fayetteville-Springdale-Rogers, AR",670,0Hamburg,hamburg,Arkansas,3,"Monroe, LA-El Dorado, AR",628,0Hardy,hardy,Arkansas,3,"Jonesboro, AR",734,0Harrisburg,harrisburg,Arkansas,3,"Memphis, TN",640,0Harrison,harrison,Arkansas,3,"Springfield, MO",619,0Hartford,hartford,Arkansas,3,"Ft. Smith-Fayetteville-Springdale-Rogers, AR",670,0Hattieville,hattieville,Arkansas,3,"Little Rock-Pine Bluff, AR",693,0Hazen,hazen,Arkansas,3,"Little Rock-Pine Bluff, AR",693,0Heber Springs,heber springs,Arkansas,3,"Little Rock-Pine Bluff, AR",693,0Hector,hector,Arkansas,3,"Little Rock-Pine Bluff, AR",693,0Helena,helena,Arkansas,3,"Memphis, TN",640,0Higden,higden,Arkansas,3,"Little Rock-Pine Bluff, AR",693,0Hope,hope,Arkansas,3,"Shreveport, LA",612,0Hot Springs National Park,hot springs national park,Arkansas,3,"Little Rock-Pine Bluff, AR",693,0Hot Springs Village,hot springs village,Arkansas,3,"Little Rock-Pine Bluff, AR",693,0Hoxie,hoxie,Arkansas,3,"Jonesboro, AR",734,0Humphrey,humphrey,Arkansas,3,"Little Rock-Pine Bluff, AR",693,0Huntsville,huntsville,Arkansas,3,"Ft. Smith-Fayetteville-Springdale-Rogers, AR",670,0Imboden,imboden,Arkansas,3,"Jonesboro, AR",734,0Jacksonville,jacksonville,Arkansas,3,"Little Rock-Pine Bluff, AR",693,0Jasper,jasper,Arkansas,3,"Springfield, MO",619,0Jessieville,jessieville,Arkansas,3,"Little Rock-Pine Bluff, AR",693,0Joiner,joiner,Arkansas,3,"Memphis, TN",640,0Jonesboro,jonesboro,Arkansas,3,"Jonesboro, AR",734,0Keiser,keiser,Arkansas,3,"Memphis, TN",640,1Kensett,kensett,Arkansas,3,"Little Rock-Pine Bluff, AR",693,1Lake Village,lake village,Arkansas,3,"Little Rock-Pine Bluff, AR",693,1Lavaca,lavaca,Arkansas,3,"Ft. Smith-Fayetteville-Springdale-Rogers, AR",670,1Lead Hill,lead hill,Arkansas,3,"Springfield, MO",619,1Lepanto,lepanto,Arkansas,3,"Memphis, TN",640,1Leslie,leslie,Arkansas,3,"Little Rock-Pine Bluff, AR",693,1Little Rock,little rock,Arkansas,3,"Little Rock-Pine Bluff, AR",693,1Little Rock Air Force Base,little rock air force base,Arkansas,3,"Little Rock-Pine Bluff, AR",693,1Lockesburg,lockesburg,Arkansas,3,"Shreveport, LA",612,1London,london,Arkansas,3,"Little Rock-Pine Bluff, AR",693,1Lonoke,lonoke,Arkansas,3,"Little Rock-Pine Bluff, AR",693,1Lowell,lowell,Arkansas,3,"Ft. Smith-Fayetteville-Springdale-Rogers, AR",670,1Luxora,luxora,Arkansas,3,"Memphis, TN",640,1Lynn,lynn,Arkansas,3,"Jonesboro, AR",734,1Mabelvale,mabelvale,Arkansas,3,"Little Rock-Pine Bluff, AR",693,1Magnolia,magnolia,Arkansas,3,"Shreveport, LA",612,1Malvern,malvern,Arkansas,3,"Little Rock-Pine Bluff, AR",693,1Mammoth Spring,mammoth spring,Arkansas,3,"Springfield, MO",619,1Mansfield,mansfield,Arkansas,3,"Ft. Smith-Fayetteville-Springdale-Rogers, AR",670,1Marianna,marianna,Arkansas,3,"Memphis, TN",640,1Marion,marion,Arkansas,3,"Memphis, TN",640,1Marked Tree,marked tree,Arkansas,3,"Memphis, TN",640,1Marmaduke,marmaduke,Arkansas,3,"Jonesboro, AR",734,1Marshall,marshall,Arkansas,3,"Little Rock-Pine Bluff, AR",693,1Maumelle,maumelle,Arkansas,3,"Little Rock-Pine Bluff, AR",693,1Maynard,maynard,Arkansas,3,"Jonesboro, AR",734,1McCrory,mccrory,Arkansas,3,"Little Rock-Pine Bluff, AR",693,1McGehee,mcgehee,Arkansas,3,"Little Rock-Pine Bluff, AR",693,1McRae,mcrae,Arkansas,3,"Little Rock-Pine Bluff, AR",693,1Melbourne,melbourne,Arkansas,3,"Little Rock-Pine Bluff, AR",693,1Mena,mena,Arkansas,3,"Little Rock-Pine Bluff, AR",693,1Monticello,monticello,Arkansas,3,"Little Rock-Pine Bluff, AR",693,1Morrilton,morrilton,Arkansas,3,"Little Rock-Pine Bluff, AR",693,1Mount Holly,mount holly,Arkansas,3,"Monroe, LA-El Dorado, AR",628,1Mount Ida,mount ida,Arkansas,3,"Little Rock-Pine Bluff, AR",693,1Mount Pleasant,mount pleasant,Arkansas,3,"Little Rock-Pine Bluff, AR",693,1Mount Vernon,mount vernon,Arkansas,3,"Little Rock-Pine Bluff, AR",693,1Mountain Home,mountain home,Arkansas,3,"Springfield, MO",619,1Mountain View,mountain view,Arkansas,3,"Little Rock-Pine Bluff, AR",693,1Mountainburg,mountainburg,Arkansas,3,"Ft. Smith-Fayetteville-Springdale-Rogers, AR",670,1Nashville,nashville,Arkansas,3,"Shreveport, LA",612,1Newark,newark,Arkansas,3,"Little Rock-Pine Bluff, AR",693,1Newport,newport,Arkansas,3,"Little Rock-Pine Bluff, AR",693,1Norfork,norfork,Arkansas,3,"Springfield, MO",619,1Norman,norman,Arkansas,3,"Little Rock-Pine Bluff, AR",693,1North Little Rock,north little rock,Arkansas,3,"Little Rock-Pine Bluff, AR",693,1Osceola,osceola,Arkansas,3,"Memphis, TN",640,1Ozark,ozark,Arkansas,3,"Ft. Smith-Fayetteville-Springdale-Rogers, AR",670,1Palestine,palestine,Arkansas,3,"Memphis, TN",640,1Paragould,paragould,Arkansas,3,"Jonesboro, AR",734,1Paris,paris,Arkansas,3,"Ft. Smith-Fayetteville-Springdale-Rogers, AR",670,1Pea Ridge,pea ridge,Arkansas,3,"Ft. Smith-Fayetteville-Springdale-Rogers, AR",670,1Pearcy,pearcy,Arkansas,3,"Little Rock-Pine Bluff, AR",693,1Piggott,piggott,Arkansas,3,"Jonesboro, AR",734,1Pine Bluff,pine bluff,Arkansas,3,"Little Rock-Pine Bluff, AR",693,1Plainview,plainview,Arkansas,3,"Little Rock-Pine Bluff, AR",693,1Plumerville,plumerville,Arkansas,3,"Little Rock-Pine Bluff, AR",693,1Pocahontas,pocahontas,Arkansas,3,"Jonesboro, AR",734,1Poplar Grove,poplar grove,Arkansas,3,"Memphis, TN",640,1Pottsville,pottsville,Arkansas,3,"Little Rock-Pine Bluff, AR",693,1Prairie Grove,prairie grove,Arkansas,3,"Ft. Smith-Fayetteville-Springdale-Rogers, AR",670,1Prescott,prescott,Arkansas,3,"Little Rock-Pine Bluff, AR",693,1Quitman,quitman,Arkansas,3,"Little Rock-Pine Bluff, AR",693,1Rector,rector,Arkansas,3,"Jonesboro, AR",734,1Rison,rison,Arkansas,3,"Little Rock-Pine Bluff, AR",693,1Rogers,rogers,Arkansas,3,"Ft. Smith-Fayetteville-Springdale-Rogers, AR",670,1Romance,romance,Arkansas,3,"Little Rock-Pine Bluff, AR",693,1Rosston,rosston,Arkansas,3,"Little Rock-Pine Bluff, AR",693,1Russellville,russellville,Arkansas,3,"Little Rock-Pine Bluff, AR",693,1Salem,salem,Arkansas,3,"Springfield, MO",619,1Scotland,scotland,Arkansas,3,"Little Rock-Pine Bluff, AR",693,1Searcy,searcy,Arkansas,3,"Little Rock-Pine Bluff, AR",693,1Sheridan,sheridan,Arkansas,3,"Little Rock-Pine Bluff, AR",693,1Sherwood,sherwood,Arkansas,3,"Little Rock-Pine Bluff, AR",693,1Siloam Springs,siloam springs,Arkansas,3,"Ft. Smith-Fayetteville-Springdale-Rogers, AR",670,1Smackover,smackover,Arkansas,3,"Monroe, LA-El Dorado, AR",628,1Springdale,springdale,Arkansas,3,"Ft. Smith-Fayetteville-Springdale-Rogers, AR",670,1Stamps,stamps,Arkansas,3,"Shreveport, LA",612,1Star City,star city,Arkansas,3,"Little Rock-Pine Bluff, AR",693,1Stuttgart,stuttgart,Arkansas,3,"Little Rock-Pine Bluff, AR",693,1Subiaco,subiaco,Arkansas,3,"Ft. Smith-Fayetteville-Springdale-Rogers, AR",670,1Sulphur Rock,sulphur rock,Arkansas,3,"Little Rock-Pine Bluff, AR",693,1Swifton,swifton,Arkansas,3,"Little Rock-Pine Bluff, AR",693,1Texarkana,texarkana,Arkansas,3,"Shreveport, LA",612,1Timbo,timbo,Arkansas,3,"Little Rock-Pine Bluff, AR",693,1Tontitown,tontitown,Arkansas,3,"Ft. Smith-Fayetteville-Springdale-Rogers, AR",670,1Trumann,trumann,Arkansas,3,"Memphis, TN",640,1Valley Springs,valley springs,Arkansas,3,"Springfield, MO",619,1Van Buren,van buren,Arkansas,3,"Ft. Smith-Fayetteville-Springdale-Rogers, AR",670,1Vilonia,vilonia,Arkansas,3,"Little Rock-Pine Bluff, AR",693,1Waldo,waldo,Arkansas,3,"Shreveport, LA",612,1Waldron,waldron,Arkansas,3,"Ft. Smith-Fayetteville-Springdale-Rogers, AR",670,1Walnut Ridge,walnut ridge,Arkansas,3,"Jonesboro, AR",734,1Ward,ward,Arkansas,3,"Little Rock-Pine Bluff, AR",693,1Warren,warren,Arkansas,3,"Little Rock-Pine Bluff, AR",693,1Washington,washington,Arkansas,3,"Shreveport, LA",612,1Weiner,weiner,Arkansas,3,"Memphis, TN",640,1West Fork,west fork,Arkansas,3,"Ft. Smith-Fayetteville-Springdale-Rogers, AR",670,1West Helena,west helena,Arkansas,3,"Memphis, TN",640,1West Memphis,west memphis,Arkansas,3,"Memphis, TN",640,1White Hall,white hall,Arkansas,3,"Little Rock-Pine Bluff, AR",693,1Winslow,winslow,Arkansas,3,"Ft. Smith-Fayetteville-Springdale-Rogers, AR",670,1Wiseman,wiseman,Arkansas,3,"Little Rock-Pine Bluff, AR",693,1Wrightsville,wrightsville,Arkansas,3,"Little Rock-Pine Bluff, AR",693,1Wynne,wynne,Arkansas,3,"Memphis, TN",640,1Yellville,yellville,Arkansas,3,"Springfield, MO",619,1Blue Eye,blue eye,Arkansas,3,"Springfield, MO",619,1Hampton,hampton,Arkansas,3,"Little Rock-Pine Bluff, AR",693,1Hatfield,hatfield,Arkansas,3,"Little Rock-Pine Bluff, AR",693,1Helena-West Helena,helena-west helena,Arkansas,3,"Memphis, TN",640,1Hot Springs,hot springs,Arkansas,3,"Little Rock-Pine Bluff, AR",693,1Lincoln,lincoln,Arkansas,3,"Ft. Smith-Fayetteville-Springdale-Rogers, AR",670,1Ajo,ajo,Arizona,4,"Tucson (Sierra Vista), AZ",789,1Alpine,alpine,Arizona,4,"Phoenix, AZ",753,1Amado,amado,Arizona,4,"Tucson (Sierra Vista), AZ",789,1Apache Junction,apache junction,Arizona,4,"Phoenix, AZ",753,1Arizona City,arizona city,Arizona,4,"Phoenix, AZ",753,1Ash Fork,ash fork,Arizona,4,"Phoenix, AZ",753,1Avondale,avondale,Arizona,4,"Phoenix, AZ",753,1Benson,benson,Arizona,4,"Tucson (Sierra Vista), AZ",789,1Bisbee,bisbee,Arizona,4,"Tucson (Sierra Vista), AZ",789,1Buckeye,buckeye,Arizona,4,"Phoenix, AZ",753,1Bullhead City,bullhead city,Arizona,4,"Phoenix, AZ",753,1Camp Verde,camp verde,Arizona,4,"Phoenix, AZ",753,1Carefree,carefree,Arizona,4,"Phoenix, AZ",753,1Casa Grande,casa grande,Arizona,4,"Phoenix, AZ",753,1Catalina,catalina,Arizona,4,"Tucson (Sierra Vista), AZ",789,1Cave Creek,cave creek,Arizona,4,"Phoenix, AZ",753,1Central,central,Arizona,4,"Phoenix, AZ",753,1Chandler,chandler,Arizona,4,"Phoenix, AZ",753,1Chinle,chinle,Arizona,4,"Albuquerque-Santa Fe, NM",790,1Chino Valley,chino valley,Arizona,4,"Phoenix, AZ",753,1Clarkdale,clarkdale,Arizona,4,"Phoenix, AZ",753,1Clifton,clifton,Arizona,4,"Phoenix, AZ",753,1Cochise,cochise,Arizona,4,"Tucson (Sierra Vista), AZ",789,1Colorado City,colorado city,Arizona,4,"Phoenix, AZ",753,1Congress,congress,Arizona,4,"Phoenix, AZ",753,1Coolidge,coolidge,Arizona,4,"Phoenix, AZ",753,1Cortaro,cortaro,Arizona,4,"Tucson (Sierra Vista), AZ",789,1Cottonwood,cottonwood,Arizona,4,"Phoenix, AZ",753,1Dateland,dateland,Arizona,4,"Yuma, AZ-El Centro, CA",771,1Dewey,dewey,Arizona,4,"Phoenix, AZ",753,1Douglas,douglas,Arizona,4,"Tucson (Sierra Vista), AZ",789,1Duncan,duncan,Arizona,4,"Phoenix, AZ",753,1Ehrenberg,ehrenberg,Arizona,4,"Phoenix, AZ",753,1El Mirage,el mirage,Arizona,4,"Phoenix, AZ",753,1Elgin,elgin,Arizona,4,"Tucson (Sierra Vista), AZ",789,1Eloy,eloy,Arizona,4,"Phoenix, AZ",753,1Flagstaff,flagstaff,Arizona,4,"Phoenix, AZ",753,1Florence,florence,Arizona,4,"Phoenix, AZ",753,1Fountain Hills,fountain hills,Arizona,4,"Phoenix, AZ",753,1Fredonia,fredonia,Arizona,4,"Phoenix, AZ",753,1Fort Defiance,fort defiance,Arizona,4,"Albuquerque-Santa Fe, NM",790,1Fort Huachuca,fort huachuca,Arizona,4,"Tucson (Sierra Vista), AZ",789,1Fort Mohave,fort mohave,Arizona,4,"Phoenix, AZ",753,1Fort Thomas,fort thomas,Arizona,4,"Phoenix, AZ",753,1Ganado,ganado,Arizona,4,"Albuquerque-Santa Fe, NM",790,1Gila Bend,gila bend,Arizona,4,"Phoenix, AZ",753,1Gilbert,gilbert,Arizona,4,"Phoenix, AZ",753,1Glendale,glendale,Arizona,4,"Phoenix, AZ",753,1Globe,globe,Arizona,4,"Phoenix, AZ",753,1Goodyear,goodyear,Arizona,4,"Phoenix, AZ",753,1Grand Canyon National Park,grand canyon national park,Arizona,4,"Phoenix, AZ",753,1Green Valley,green valley,Arizona,4,"Tucson (Sierra Vista), AZ",789,1Hayden,hayden,Arizona,4,"Phoenix, AZ",753,1Heber,heber,Arizona,4,"Phoenix, AZ",753,1Higley,higley,Arizona,4,"Phoenix, AZ",753,1Holbrook,holbrook,Arizona,4,"Phoenix, AZ",753,1Hotevilla-Bacavi,hotevilla-bacavi,Arizona,4,"Phoenix, AZ",753,1Joseph City,joseph city,Arizona,4,"Phoenix, AZ",753,1Kayenta,kayenta,Arizona,4,"Phoenix, AZ",753,1Keams Canyon,keams canyon,Arizona,4,"Phoenix, AZ",753,1Kearny,kearny,Arizona,4,"Phoenix, AZ",753,1Kingman,kingman,Arizona,4,"Phoenix, AZ",753,1Kykotsmovi Village,kykotsmovi village,Arizona,4,"Phoenix, AZ",753,1Lake Havasu City,lake havasu city,Arizona,4,"Phoenix, AZ",753,1Lake Montezuma,lake montezuma,Arizona,4,"Phoenix, AZ",753,1Lakeside,lakeside,Arizona,4,"Phoenix, AZ",753,1Litchfield Park,litchfield park,Arizona,4,"Phoenix, AZ",753,1Littlefield,littlefield,Arizona,4,"Phoenix, AZ",753,1Luke AFB,luke afb,Arizona,4,"Phoenix, AZ",753,1Mammoth,mammoth,Arizona,4,"Phoenix, AZ",753,1Many Farms,many farms,Arizona,4,"Albuquerque-Santa Fe, NM",790,1Marana,marana,Arizona,4,"Tucson (Sierra Vista), AZ",789,1Maricopa,maricopa,Arizona,4,"Phoenix, AZ",753,1Mayer,mayer,Arizona,4,"Phoenix, AZ",753,1Mesa,mesa,Arizona,4,"Phoenix, AZ",753,1Miami,miami,Arizona,4,"Phoenix, AZ",753,1Mohave Valley,mohave valley,Arizona,4,"Phoenix, AZ",753,1Morenci,morenci,Arizona,4,"Phoenix, AZ",753,1Morristown,morristown,Arizona,4,"Phoenix, AZ",753,1Naco,naco,Arizona,4,"Tucson (Sierra Vista), AZ",789,1New River,new river,Arizona,4,"Phoenix, AZ",753,1Nogales,nogales,Arizona,4,"Tucson (Sierra Vista), AZ",789,1Oracle,oracle,Arizona,4,"Phoenix, AZ",753,1Page,page,Arizona,4,"Phoenix, AZ",753,1Palo Verde,palo verde,Arizona,4,"Phoenix, AZ",753,1Paradise Valley,paradise valley,Arizona,4,"Phoenix, AZ",753,1Parker,parker,Arizona,4,"Phoenix, AZ",753,1Parks,parks,Arizona,4,"Phoenix, AZ",753,1Payson,payson,Arizona,4,"Phoenix, AZ",753,1Peoria,peoria,Arizona,4,"Phoenix, AZ",753,1Phoenix,phoenix,Arizona,4,"Phoenix, AZ",753,1Pima,pima,Arizona,4,"Phoenix, AZ",753,1Pinetop,pinetop,Arizona,4,"Phoenix, AZ",753,1Poston,poston,Arizona,4,"Phoenix, AZ",753,1Prescott,prescott,Arizona,4,"Phoenix, AZ",753,1Prescott Valley,prescott valley,Arizona,4,"Phoenix, AZ",753,1Quartzsite,quartzsite,Arizona,4,"Phoenix, AZ",753,1Queen Creek,queen creek,Arizona,4,"Phoenix, AZ",753,1Red Rock,red rock,Arizona,4,"Phoenix, AZ",753,1Rio Rico,rio rico,Arizona,4,"Tucson (Sierra Vista), AZ",789,1Rio Verde,rio verde,Arizona,4,"Phoenix, AZ",753,1Sacaton,sacaton,Arizona,4,"Phoenix, AZ",753,1Safford,safford,Arizona,4,"Phoenix, AZ",753,1Sahuarita,sahuarita,Arizona,4,"Tucson (Sierra Vista), AZ",789,1Salome,salome,Arizona,4,"Phoenix, AZ",753,1San Carlos,san carlos,Arizona,4,"Phoenix, AZ",753,1San Luis,san luis,Arizona,4,"Yuma, AZ-El Centro, CA",771,1San Manuel,san manuel,Arizona,4,"Phoenix, AZ",753,1San Simon,san simon,Arizona,4,"Tucson (Sierra Vista), AZ",789,1Sanders,sanders,Arizona,4,"Albuquerque-Santa Fe, NM",790,1Scottsdale,scottsdale,Arizona,4,"Phoenix, AZ",753,1Sedona,sedona,Arizona,4,"Phoenix, AZ",753,1Seligman,seligman,Arizona,4,"Phoenix, AZ",753,1Sells,sells,Arizona,4,"Tucson (Sierra Vista), AZ",789,1Show Low,show low,Arizona,4,"Phoenix, AZ",753,1Sierra Vista,sierra vista,Arizona,4,"Tucson (Sierra Vista), AZ",789,1Skull Valley,skull valley,Arizona,4,"Phoenix, AZ",753,1Snowflake,snowflake,Arizona,4,"Phoenix, AZ",753,1Solomon,solomon,Arizona,4,"Phoenix, AZ",753,1Somerton,somerton,Arizona,4,"Yuma, AZ-El Centro, CA",771,1Springerville,springerville,Arizona,4,"Phoenix, AZ",753,1Saint David,saint david,Arizona,4,"Tucson (Sierra Vista), AZ",789,1Saint Johns,saint johns,Arizona,4,"Phoenix, AZ",753,1Saint Michaels,saint michaels,Arizona,4,"Albuquerque-Santa Fe, NM",790,1Stanfield,stanfield,Arizona,4,"Phoenix, AZ",753,1Sun City,sun city,Arizona,4,"Phoenix, AZ",753,1Sun City West,sun city west,Arizona,4,"Phoenix, AZ",753,1Superior,superior,Arizona,4,"Phoenix, AZ",753,1Surprise,surprise,Arizona,4,"Phoenix, AZ",753,1Teec Nos Pos,teec nos pos,Arizona,4,"Albuquerque-Santa Fe, NM",790,1Tempe,tempe,Arizona,4,"Phoenix, AZ",753,1Thatcher,thatcher,Arizona,4,"Phoenix, AZ",753,1Tolleson,tolleson,Arizona,4,"Phoenix, AZ",753,1Tombstone,tombstone,Arizona,4,"Tucson (Sierra Vista), AZ",789,1Tonopah,tonopah,Arizona,4,"Phoenix, AZ",753,1Topawa,topawa,Arizona,4,"Tucson (Sierra Vista), AZ",789,1Tuba City,tuba city,Arizona,4,"Phoenix, AZ",753,1Tucson,tucson,Arizona,4,"Tucson (Sierra Vista), AZ",789,1Vail,vail,Arizona,4,"Tucson (Sierra Vista), AZ",789,1Waddell,waddell,Arizona,4,"Phoenix, AZ",753,1Wellton,wellton,Arizona,4,"Yuma, AZ-El Centro, CA",771,1Whiteriver,whiteriver,Arizona,4,"Phoenix, AZ",753,1Wickenburg,wickenburg,Arizona,4,"Phoenix, AZ",753,1Wikieup,wikieup,Arizona,4,"Phoenix, AZ",753,1Willcox,willcox,Arizona,4,"Tucson (Sierra Vista), AZ",789,1Williams,williams,Arizona,4,"Phoenix, AZ",753,1Window Rock,window rock,Arizona,4,"Albuquerque-Santa Fe, NM",790,1Winkelman,winkelman,Arizona,4,"Phoenix, AZ",753,1Winslow,winslow,Arizona,4,"Phoenix, AZ",753,1Wittmann,wittmann,Arizona,4,"Phoenix, AZ",753,1Youngtown,youngtown,Arizona,4,"Phoenix, AZ",753,1Yuma,yuma,Arizona,4,"Yuma, AZ-El Centro, CA",771,1Casas Adobes,casas adobes,Arizona,4,"Tucson (Sierra Vista), AZ",789,1Catalina Foothills,catalina foothills,Arizona,4,"Tucson (Sierra Vista), AZ",789,1Corona de Tucson,corona de tucson,Arizona,4,"Tucson (Sierra Vista), AZ",789,1Drexel Heights,drexel heights,Arizona,4,"Tucson (Sierra Vista), AZ",789,1Fortuna Foothills,fortuna foothills,Arizona,4,"Yuma, AZ-El Centro, CA",771,1Gold Canyon,gold canyon,Arizona,4,"Phoenix, AZ",753,1Grand Canyon Village,grand canyon village,Arizona,4,"Phoenix, AZ",753,1Oro Valley,oro valley,Arizona,4,"Tucson (Sierra Vista), AZ",789,1Pinetop-Lakeside,pinetop-lakeside,Arizona,4,"Phoenix, AZ",753,1San Tan Valley,san tan valley,Arizona,4,"Phoenix, AZ",753,1Sun Lakes,sun lakes,Arizona,4,"Phoenix, AZ",753,1Tanque Verde,tanque verde,Arizona,4,"Tucson (Sierra Vista), AZ",789,1Tusayan,tusayan,Arizona,4,"Phoenix, AZ",753,1Valencia West,valencia west,Arizona,4,"Tucson (Sierra Vista), AZ",789,1Village of Oak Creek,village of oak creek,Arizona,4,"Phoenix, AZ",753,1Acton,acton,California,5,"Los Angeles, CA",803,1Adelanto,adelanto,California,5,"Los Angeles, CA",803,1Agoura Hills,agoura hills,California,5,"Los Angeles, CA",803,1Alameda,alameda,California,5,"San Francisco-Oakland-San Jose, CA",807,1Alamo,alamo,California,5,"San Francisco-Oakland-San Jose, CA",807,1Albany,albany,California,5,"San Francisco-Oakland-San Jose, CA",807,1Albion,albion,California,5,"San Francisco-Oakland-San Jose, CA",807,1Alhambra,alhambra,California,5,"Los Angeles, CA",803,1Aliso Viejo,aliso viejo,California,5,"Los Angeles, CA",803,1Alleghany,alleghany,California,5,"Sacramento-Stockton-Modesto, CA",862,1Alpaugh,alpaugh,California,5,"Fresno-Visalia, CA",866,1Alpine,alpine,California,5,"San Diego, CA",825,1Alta,alta,California,5,"Sacramento-Stockton-Modesto, CA",862,1Altadena,altadena,California,5,"Los Angeles, CA",803,1Altaville,altaville,California,5,"Sacramento-Stockton-Modesto, CA",862,1Alturas,alturas,California,5,"Chico-Redding, CA",868,1American Canyon,american canyon,California,5,"San Francisco-Oakland-San Jose, CA",807,1Anaheim,anaheim,California,5,"Los Angeles, CA",803,1Anderson,anderson,California,5,"Chico-Redding, CA",868,1Angels Camp,angels camp,California,5,"Sacramento-Stockton-Modesto, CA",862,1Angwin,angwin,California,5,"San Francisco-Oakland-San Jose, CA",807,1Annapolis,annapolis,California,5,"San Francisco-Oakland-San Jose, CA",807,1Antelope,antelope,California,5,"Sacramento-Stockton-Modesto, CA",862,1Antioch,antioch,California,5,"San Francisco-Oakland-San Jose, CA",807,1Apple Valley,apple valley,California,5,"Los Angeles, CA",803,1Aptos,aptos,California,5,"Monterey-Salinas, CA",828,1Arbuckle,arbuckle,California,5,"Sacramento-Stockton-Modesto, CA",862,1Arcadia,arcadia,California,5,"Los Angeles, CA",803,1Arcata,arcata,California,5,"Eureka, CA",802,1Arnold,arnold,California,5,"Sacramento-Stockton-Modesto, CA",862,1Aromas,aromas,California,5,"Monterey-Salinas, CA",828,1Arroyo Grande,arroyo grande,California,5,"Santa Barbara-Santa Maria-San Luis Obispo, CA",855,1Artesia,artesia,California,5,"Los Angeles, CA",803,1Arvin,arvin,California,5,"Bakersfield, CA",800,1Atascadero,atascadero,California,5,"Santa Barbara-Santa Maria-San Luis Obispo, CA",855,1Atherton,atherton,California,5,"San Francisco-Oakland-San Jose, CA",807,1Atwater,atwater,California,5,"Fresno-Visalia, CA",866,1Auberry,auberry,California,5,"Fresno-Visalia, CA",866,1Auburn,auburn,California,5,"Sacramento-Stockton-Modesto, CA",862,1Avalon,avalon,California,5,"Los Angeles, CA",803,1Avenal,avenal,California,5,"Fresno-Visalia, CA",866,1Avila Beach,avila beach,California,5,"Santa Barbara-Santa Maria-San Luis Obispo, CA",855,1Azusa,azusa,California,5,"Los Angeles, CA",803,1Badger,badger,California,5,"Fresno-Visalia, CA",866,1Baker,baker,California,5,"Los Angeles, CA",803,1Bakersfield,bakersfield,California,5,"Bakersfield, CA",800,1Baldwin Park,baldwin park,California,5,"Los Angeles, CA",803,1Bangor,bangor,California,5,"Chico-Redding, CA",868,1Banning,banning,California,5,"Los Angeles, CA",803,1Barstow,barstow,California,5,"Los Angeles, CA",803,1Beale AFB,beale afb,California,5,"Sacramento-Stockton-Modesto, CA",862,1Beaumont,beaumont,California,5,"Los Angeles, CA",803,1Bell,bell,California,5,"Los Angeles, CA",803,1Bell Gardens,bell gardens,California,5,"Los Angeles, CA",803,1Bella Vista,bella vista,California,5,"Chico-Redding, CA",868,1Bellflower,bellflower,California,5,"Los Angeles, CA",803,1Belmont,belmont,California,5,"San Francisco-Oakland-San Jose, CA",807,1Belvedere Tiburon,belvedere tiburon,California,5,"San Francisco-Oakland-San Jose, CA",807,1Ben Lomond,ben lomond,California,5,"Monterey-Salinas, CA",828,1Benicia,benicia,California,5,"San Francisco-Oakland-San Jose, CA",807,1Berkeley,berkeley,California,5,"San Francisco-Oakland-San Jose, CA",807,1Bethel Island,bethel island,California,5,"San Francisco-Oakland-San Jose, CA",807,1Beverly Hills,beverly hills,California,5,"Los Angeles, CA",803,1Big Bear,big bear,California,5,"Los Angeles, CA",803,1Big Bear Lake,big bear lake,California,5,"Los Angeles, CA",803,1Big Bend,big bend,California,5,"Chico-Redding, CA",868,1Big Creek,big creek,California,5,"Fresno-Visalia, CA",866,1Groveland-Big Oak Flat,groveland-big oak flat,California,5,"Sacramento-Stockton-Modesto, CA",862,1Big Pine,big pine,California,5,"Los Angeles, CA",803,1Big Sur,big sur,California,5,"Monterey-Salinas, CA",828,1Biggs,biggs,California,5,"Chico-Redding, CA",868,1Bishop,bishop,California,5,"Los Angeles, CA",803,1Blairsden-Graeagle,blairsden-graeagle,California,5,"Sacramento-Stockton-Modesto, CA",862,1Bloomington,bloomington,California,5,"Los Angeles, CA",803,1Blue Jay,blue jay,California,5,"Los Angeles, CA",803,1Blue Lake,blue lake,California,5,"Eureka, CA",802,1Blythe,blythe,California,5,"Los Angeles, CA",803,1Bodega Bay,bodega bay,California,5,"San Francisco-Oakland-San Jose, CA",807,1Bolinas,bolinas,California,5,"San Francisco-Oakland-San Jose, CA",807,1Bonsall,bonsall,California,5,"San Diego, CA",825,1Boonville,boonville,California,5,"San Francisco-Oakland-San Jose, CA",807,1Boron,boron,California,5,"Los Angeles, CA",803,1Borrego Springs,borrego springs,California,5,"San Diego, CA",825,1Boulder Creek,boulder creek,California,5,"Monterey-Salinas, CA",828,1Boyes Hot Springs,boyes hot springs,California,5,"San Francisco-Oakland-San Jose, CA",807,1Bradley,bradley,California,5,"Monterey-Salinas, CA",828,1Brawley,brawley,California,5,"Yuma, AZ-El Centro, CA",771,1Brea,brea,California,5,"Los Angeles, CA",803,1Brentwood,brentwood,California,5,"San Francisco-Oakland-San Jose, CA",807,1Bridgeport,bridgeport,California,5,"Reno, NV",811,1Brisbane,brisbane,California,5,"San Francisco-Oakland-San Jose, CA",807,1Brookdale,brookdale,California,5,"Monterey-Salinas, CA",828,1Buellton,buellton,California,5,"Santa Barbara-Santa Maria-San Luis Obispo, CA",855,1Buena Park,buena park,California,5,"Los Angeles, CA",803,1Burbank,burbank,California,5,"Los Angeles, CA",803,1Burlingame,burlingame,California,5,"San Francisco-Oakland-San Jose, CA",807,1Burney,burney,California,5,"Chico-Redding, CA",868,1Burrel,burrel,California,5,"Fresno-Visalia, CA",866,1Butte City,butte city,California,5,"Chico-Redding, CA",868,1Buttonwillow,buttonwillow,California,5,"Bakersfield, CA",800,1Byron,byron,California,5,"San Francisco-Oakland-San Jose, CA",807,1Cabazon,cabazon,California,5,"Los Angeles, CA",803,1Calabasas,calabasas,California,5,"Los Angeles, CA",803,1Calexico,calexico,California,5,"Yuma, AZ-El Centro, CA",771,1California City,california city,California,5,"Los Angeles, CA",803,1California Hot Springs,california hot springs,California,5,"Fresno-Visalia, CA",866,1Calimesa,calimesa,California,5,"Los Angeles, CA",803,1Calipatria,calipatria,California,5,"Yuma, AZ-El Centro, CA",771,1Calistoga,calistoga,California,5,"San Francisco-Oakland-San Jose, CA",807,1Calpella,calpella,California,5,"San Francisco-Oakland-San Jose, CA",807,1Camarillo,camarillo,California,5,"Los Angeles, CA",803,1Cambria,cambria,California,5,"Santa Barbara-Santa Maria-San Luis Obispo, CA",855,1Camino,camino,California,5,"Sacramento-Stockton-Modesto, CA",862,1Camp Pendleton North,camp pendleton north,California,5,"San Diego, CA",825,1Campbell,campbell,California,5,"San Francisco-Oakland-San Jose, CA",807,1Campo,campo,California,5,"San Diego, CA",825,1Camptonville,camptonville,California,5,"Sacramento-Stockton-Modesto, CA",862,1Canoga Park,canoga park,California,5,"Los Angeles, CA",803,1Canyon,canyon,California,5,"San Francisco-Oakland-San Jose, CA",807,1Canyon Country,canyon country,California,5,"Los Angeles, CA",803,1Capistrano Beach,capistrano beach,California,5,"Los Angeles, CA",803,1Capitola,capitola,California,5,"Monterey-Salinas, CA",828,1Cardiff,cardiff,California,5,"San Diego, CA",825,1Carlsbad,carlsbad,California,5,"San Diego, CA",825,1Carmel,carmel,California,5,"Monterey-Salinas, CA",828,1Carmel Valley,carmel valley,California,5,"Monterey-Salinas, CA",828,1Carmichael,carmichael,California,5,"Sacramento-Stockton-Modesto, CA",862,1Carpinteria,carpinteria,California,5,"Santa Barbara-Santa Maria-San Luis Obispo, CA",855,1Carson,carson,California,5,"Los Angeles, CA",803,1Caruthers,caruthers,California,5,"Fresno-Visalia, CA",866,1Castaic,castaic,California,5,"Los Angeles, CA",803,1Castro Valley,castro valley,California,5,"San Francisco-Oakland-San Jose, CA",807,1Castroville,castroville,California,5,"Monterey-Salinas, CA",828,1Cathedral City,cathedral city,California,5,"Palm Springs, CA",804,1Cayucos,cayucos,California,5,"Santa Barbara-Santa Maria-San Luis Obispo, CA",855,1Cazadero,cazadero,California,5,"San Francisco-Oakland-San Jose, CA",807,1Cedar Glen,cedar glen,California,5,"Los Angeles, CA",803,1Ceres,ceres,California,5,"Sacramento-Stockton-Modesto, CA",862,1Cerritos,cerritos,California,5,"Los Angeles, CA",803,1Challenge,challenge,California,5,"Sacramento-Stockton-Modesto, CA",862,1Chatsworth,chatsworth,California,5,"Los Angeles, CA",803,1Chester,chester,California,5,"Sacramento-Stockton-Modesto, CA",862,1Chicago Park,chicago park,California,5,"Sacramento-Stockton-Modesto, CA",862,1Chico,chico,California,5,"Chico-Redding, CA",868,1Chinese Camp,chinese camp,California,5,"Sacramento-Stockton-Modesto, CA",862,1Chino,chino,California,5,"Los Angeles, CA",803,1Chino Hills,chino hills,California,5,"Los Angeles, CA",803,1Chowchilla,chowchilla,California,5,"Fresno-Visalia, CA",866,1Chualar,chualar,California,5,"Monterey-Salinas, CA",828,1Chula Vista,chula vista,California,5,"San Diego, CA",825,1Citrus Heights,citrus heights,California,5,"Sacramento-Stockton-Modesto, CA",862,1City of Industry,city of industry,California,5,"Los Angeles, CA",803,1Claremont,claremont,California,5,"Los Angeles, CA",803,1Clayton,clayton,California,5,"San Francisco-Oakland-San Jose, CA",807,1Clearlake,clearlake,California,5,"San Francisco-Oakland-San Jose, CA",807,1Clearlake Oaks,clearlake oaks,California,5,"San Francisco-Oakland-San Jose, CA",807,1Clements,clements,California,5,"Sacramento-Stockton-Modesto, CA",862,1Cloverdale,cloverdale,California,5,"San Francisco-Oakland-San Jose, CA",807,1Clovis,clovis,California,5,"Fresno-Visalia, CA",866,1Coachella,coachella,California,5,"Palm Springs, CA",804,1Coalinga,coalinga,California,5,"Fresno-Visalia, CA",866,1Cobb,cobb,California,5,"San Francisco-Oakland-San Jose, CA",807,1Coleville,coleville,California,5,"Reno, NV",811,1Colfax,colfax,California,5,"Sacramento-Stockton-Modesto, CA",862,1Coloma,coloma,California,5,"Sacramento-Stockton-Modesto, CA",862,1Colton,colton,California,5,"Los Angeles, CA",803,1Columbia,columbia,California,5,"Sacramento-Stockton-Modesto, CA",862,1Colusa,colusa,California,5,"Sacramento-Stockton-Modesto, CA",862,1Compton,compton,California,5,"Los Angeles, CA",803,1Concord,concord,California,5,"San Francisco-Oakland-San Jose, CA",807,1Copperopolis,copperopolis,California,5,"Sacramento-Stockton-Modesto, CA",862,1Corcoran,corcoran,California,5,"Fresno-Visalia, CA",866,1Corning,corning,California,5,"Chico-Redding, CA",868,1Corona,corona,California,5,"Los Angeles, CA",803,1Corona Del Mar,corona del mar,California,5,"Los Angeles, CA",803,1Coronado,coronado,California,5,"San Diego, CA",825,1Corte Madera,corte madera,California,5,"San Francisco-Oakland-San Jose, CA",807,1Costa Mesa,costa mesa,California,5,"Los Angeles, CA",803,1Cottonwood,cottonwood,California,5,"Chico-Redding, CA",868,1Coulterville,coulterville,California,5,"Fresno-Visalia, CA",866,1Covelo,covelo,California,5,"San Francisco-Oakland-San Jose, CA",807,1Covina,covina,California,5,"Los Angeles, CA",803,1Crescent City,crescent city,California,5,"Eureka, CA",802,1Crestline,crestline,California,5,"Los Angeles, CA",803,1Crockett,crockett,California,5,"San Francisco-Oakland-San Jose, CA",807,1Crows Landing,crows landing,California,5,"Sacramento-Stockton-Modesto, CA",862,1Culver City,culver city,California,5,"Los Angeles, CA",803,1Cupertino,cupertino,California,5,"San Francisco-Oakland-San Jose, CA",807,1Cypress,cypress,California,5,"Los Angeles, CA",803,1Daggett,daggett,California,5,"Los Angeles, CA",803,1Daly City,daly city,California,5,"San Francisco-Oakland-San Jose, CA",807,1Dana Point,dana point,California,5,"Los Angeles, CA",803,1Danville,danville,California,5,"San Francisco-Oakland-San Jose, CA",807,1Davis,davis,California,5,"Sacramento-Stockton-Modesto, CA",862,1Death Valley,death valley,California,5,"Los Angeles, CA",803,1Deer Park,deer park,California,5,"San Francisco-Oakland-San Jose, CA",807,1Del Mar,del mar,California,5,"San Diego, CA",825,1Delano,delano,California,5,"Bakersfield, CA",800,1Delhi,delhi,California,5,"Fresno-Visalia, CA",866,1Del Rio,del rio,California,5,"Sacramento-Stockton-Modesto, CA",862,1Desert Center,desert center,California,5,"Los Angeles, CA",803,1Diablo,diablo,California,5,"San Francisco-Oakland-San Jose, CA",807,1Diamond Bar,diamond bar,California,5,"Los Angeles, CA",803,1Diamond Springs,diamond springs,California,5,"Sacramento-Stockton-Modesto, CA",862,1Dinuba,dinuba,California,5,"Fresno-Visalia, CA",866,1Dixon,dixon,California,5,"Sacramento-Stockton-Modesto, CA",862,1Dorris,dorris,California,5,"Medford-Klamath Falls, OR",813,1Dos Palos,dos palos,California,5,"Fresno-Visalia, CA",866,1Downey,downey,California,5,"Los Angeles, CA",803,1Downieville,downieville,California,5,"Sacramento-Stockton-Modesto, CA",862,1Duarte,duarte,California,5,"Los Angeles, CA",803,1Dublin,dublin,California,5,"San Francisco-Oakland-San Jose, CA",807,1Ducor,ducor,California,5,"Fresno-Visalia, CA",866,1Dunnigan,dunnigan,California,5,"Sacramento-Stockton-Modesto, CA",862,1Dunsmuir,dunsmuir,California,5,"Medford-Klamath Falls, OR",813,1Durham,durham,California,5,"Chico-Redding, CA",868,1Dutch Flat,dutch flat,California,5,"Sacramento-Stockton-Modesto, CA",862,1Earlimart,earlimart,California,5,"Fresno-Visalia, CA",866,1Earp,earp,California,5,"Los Angeles, CA",803,1Edison,edison,California,5,"Bakersfield, CA",800,1Edwards,edwards,California,5,"Los Angeles, CA",803,1El Cajon,el cajon,California,5,"San Diego, CA",825,1El Centro,el centro,California,5,"Yuma, AZ-El Centro, CA",771,1El Cerrito,el cerrito,California,5,"San Francisco-Oakland-San Jose, CA",807,1El Dorado Hills,el dorado hills,California,5,"Sacramento-Stockton-Modesto, CA",862,1El Granada,el granada,California,5,"San Francisco-Oakland-San Jose, CA",807,1El Monte,el monte,California,5,"Los Angeles, CA",803,1El Segundo,el segundo,California,5,"Los Angeles, CA",803,1El Sobrante,el sobrante,California,5,"San Francisco-Oakland-San Jose, CA",807,1Eldridge,eldridge,California,5,"San Francisco-Oakland-San Jose, CA",807,1Elk,elk,California,5,"San Francisco-Oakland-San Jose, CA",807,1Elk Creek,elk creek,California,5,"Chico-Redding, CA",868,1Elk Grove,elk grove,California,5,"Sacramento-Stockton-Modesto, CA",862,1Elmira,elmira,California,5,"Sacramento-Stockton-Modesto, CA",862,1Elverta,elverta,California,5,"Sacramento-Stockton-Modesto, CA",862,1Emeryville,emeryville,California,5,"San Francisco-Oakland-San Jose, CA",807,1Empire,empire,California,5,"Sacramento-Stockton-Modesto, CA",862,1Encinitas,encinitas,California,5,"San Diego, CA",825,1Encino,encino,California,5,"Los Angeles, CA",803,1Escalon,escalon,California,5,"Sacramento-Stockton-Modesto, CA",862,1Escondido,escondido,California,5,"San Diego, CA",825,1Esparto,esparto,California,5,"Sacramento-Stockton-Modesto, CA",862,1Etna,etna,California,5,"Medford-Klamath Falls, OR",813,1Eureka,eureka,California,5,"Eureka, CA",802,1Exeter,exeter,California,5,"Fresno-Visalia, CA",866,1Fair Oaks,fair oaks,California,5,"Sacramento-Stockton-Modesto, CA",862,1Fairfax,fairfax,California,5,"San Francisco-Oakland-San Jose, CA",807,1Fairfield,fairfield,California,5,"Sacramento-Stockton-Modesto, CA",862,1Fall River Mills,fall river mills,California,5,"Chico-Redding, CA",868,1Fallbrook,fallbrook,California,5,"San Diego, CA",825,1Farmersville,farmersville,California,5,"Fresno-Visalia, CA",866,1Farmington,farmington,California,5,"Sacramento-Stockton-Modesto, CA",862,1Felton,felton,California,5,"Monterey-Salinas, CA",828,1Ferndale,ferndale,California,5,"Eureka, CA",802,1Fiddletown,fiddletown,California,5,"Sacramento-Stockton-Modesto, CA",862,1Fillmore,fillmore,California,5,"Los Angeles, CA",803,1Firebaugh,firebaugh,California,5,"Fresno-Visalia, CA",866,1Five Points,five points,California,5,"Fresno-Visalia, CA",866,1Folsom,folsom,California,5,"Sacramento-Stockton-Modesto, CA",862,1Fontana,fontana,California,5,"Los Angeles, CA",803,1Foothill Ranch,foothill ranch,California,5,"Los Angeles, CA",803,1Forbestown,forbestown,California,5,"Chico-Redding, CA",868,1Forest Knolls,forest knolls,California,5,"San Francisco-Oakland-San Jose, CA",807,1Forest Ranch,forest ranch,California,5,"Chico-Redding, CA",868,1Foresthill,foresthill,California,5,"Sacramento-Stockton-Modesto, CA",862,1Forestville,forestville,California,5,"San Francisco-Oakland-San Jose, CA",807,1Fortuna,fortuna,California,5,"Eureka, CA",802,1Fountain Valley,fountain valley,California,5,"Los Angeles, CA",803,1Fowler,fowler,California,5,"Fresno-Visalia, CA",866,1Frazier Park,frazier park,California,5,"Bakersfield, CA",800,1Freedom,freedom,California,5,"Monterey-Salinas, CA",828,1Fremont,fremont,California,5,"San Francisco-Oakland-San Jose, CA",807,1French Gulch,french gulch,California,5,"Chico-Redding, CA",868,1Fresno,fresno,California,5,"Fresno-Visalia, CA",866,1Friant,friant,California,5,"Fresno-Visalia, CA",866,1Fort Bragg,fort bragg,California,5,"San Francisco-Oakland-San Jose, CA",807,1Fort Irwin,fort irwin,California,5,"Los Angeles, CA",803,1Fullerton,fullerton,California,5,"Los Angeles, CA",803,1Fulton,fulton,California,5,"San Francisco-Oakland-San Jose, CA",807,1Galt,galt,California,5,"Sacramento-Stockton-Modesto, CA",862,1Garberville,garberville,California,5,"Eureka, CA",802,1Garden Grove,garden grove,California,5,"Los Angeles, CA",803,1Gardena,gardena,California,5,"Los Angeles, CA",803,1Gazelle,gazelle,California,5,"Medford-Klamath Falls, OR",813,1Georgetown,georgetown,California,5,"Sacramento-Stockton-Modesto, CA",862,1Geyserville,geyserville,California,5,"San Francisco-Oakland-San Jose, CA",807,1Gilroy,gilroy,California,5,"San Francisco-Oakland-San Jose, CA",807,1Glen Ellen,glen ellen,California,5,"San Francisco-Oakland-San Jose, CA",807,1Glendale,glendale,California,5,"Los Angeles, CA",803,1Glendora,glendora,California,5,"Los Angeles, CA",803,1Glennville,glennville,California,5,"Bakersfield, CA",800,1Goleta,goleta,California,5,"Santa Barbara-Santa Maria-San Luis Obispo, CA",855,1Gonzales,gonzales,California,5,"Monterey-Salinas, CA",828,1Granada Hills,granada hills,California,5,"Los Angeles, CA",803,1Grand Terrace,grand terrace,California,5,"Los Angeles, CA",803,1Grass Valley,grass valley,California,5,"Sacramento-Stockton-Modesto, CA",862,1Greenbrae,greenbrae,California,5,"San Francisco-Oakland-San Jose, CA",807,1Greenfield,greenfield,California,5,"Monterey-Salinas, CA",828,1Greenville,greenville,California,5,"Sacramento-Stockton-Modesto, CA",862,1Greenwood,greenwood,California,5,"Sacramento-Stockton-Modesto, CA",862,1Grenada,grenada,California,5,"Medford-Klamath Falls, OR",813,1Gridley,gridley,California,5,"Chico-Redding, CA",868,1Grizzly Flats,grizzly flats,California,5,"Sacramento-Stockton-Modesto, CA",862,1Groveland,groveland,California,5,"Sacramento-Stockton-Modesto, CA",862,1Grover Beach,grover beach,California,5,"Santa Barbara-Santa Maria-San Luis Obispo, CA",855,1Guadalupe,guadalupe,California,5,"Santa Barbara-Santa Maria-San Luis Obispo, CA",855,1Gualala,gualala,California,5,"San Francisco-Oakland-San Jose, CA",807,1Guerneville,guerneville,California,5,"San Francisco-Oakland-San Jose, CA",807,1Guinda,guinda,California,5,"Sacramento-Stockton-Modesto, CA",862,1Gustine,gustine,California,5,"Fresno-Visalia, CA",866,1Hacienda Heights,hacienda heights,California,5,"Los Angeles, CA",803,1